{
    "phone_table": {
	"params": [1, -62.9190, 2.3158, 3.4418, -100],
        "locs": [
            [
                0.0,
                0.0
            ],
            [
                0.8,
                0.0
            ],
            [
                0.0,
                1.0
            ],
            [
                0.8,
                1.0
            ]
        ],
        "rss": [
            [
                0.0,
                -65.4047619047619,
                -65.77142857142857,
                -65.88460501781725
            ],
            [
                -65.4047619047619,
                0.0,
                -65.88460501781725,
                -65.77142857142857
            ],
            [
                -65.77142857142857,
                -65.88460501781725,
                0.0,
                -65.4047619047619
            ],
            [
                -65.88460501781725,
                -65.77142857142857,
                -65.4047619047619,
                0.0
            ]
        ],
        "std": [
            [
                0.0,
                5.214720573299817,
                1.972463496467795,
                3.4418272075659933
            ],
            [
                5.214720573299817,
                0.0,
                3.4418272075659933,
                1.972463496467795
            ],
            [
                1.972463496467795,
                3.4418272075659933,
                0.0,
                5.214720573299817
            ],
            [
                3.4418272075659933,
                1.972463496467795,
                5.214720573299817,
                0.0
            ]
        ]
    },
    "phone_pocket": {
	"params": [1, -62.9190, 2.3158, 3.4418, -100],
        "locs": [
            [
                0.0,
                0.0
            ],
            [
                0.8,
                0.0
            ],
            [
                0.0,
                1.0
            ],
            [
                0.8,
                1.0
            ]
        ],
        "rss": [
            [
                0.0,
                -89.29166666666667,
                -81.38888888888889,
                -99.73485336353109
            ],
            [
                -89.29166666666667,
                0.0,
                -99.73485336353109,
                -81.38888888888889
            ],
            [
                -81.38888888888889,
                -99.73485336353109,
                0.0,
                -89.29166666666667
            ],
            [
                -99.73485336353109,
                -81.38888888888889,
                -89.29166666666667,
                0.0
            ]
        ],
        "std": [
            [
                0.0,
                3.2336662199772914,
                4.124976617965904,
                3.4418272075659933
            ],
            [
                3.2336662199772914,
                0.0,
                3.4418272075659933,
                4.124976617965904
            ],
            [
                4.124976617965904,
                3.4418272075659933,
                0.0,
                3.2336662199772914
            ],
            [
                3.4418272075659933,
                4.124976617965904,
                3.2336662199772914,
                0.0
            ]
        ]
    },
    "train": {
	"params": [1, -60.4517, 1.3640, 5.054, -100],
        "locs": [
            [
                0.0,
                0.0
            ],
            [
                1.0,
                0.0
            ],
            [
                2.7,
                0.0
            ],
            [
                0.0,
                1.0
            ]
        ],
        "rss": [
            [
                0.0,
                -65.99065420560747,
                -69.56696428571429,
                -62.02272727272727
            ],
            [
                -65.99065420560747,
                0.0,
                -62.770591117671444,
                -62.380769283535734
            ],
            [
                -69.56696428571429,
                -62.770591117671444,
                0.0,
                -64.3791067212373
            ],
            [
                -62.02272727272727,
                -62.380769283535734,
                -64.3791067212373,
                0.0
            ]
        ],
        "std": [
            [
                0.0,
                5.344217465605097,
                2.0299053634193824,
                3.2605676887457133
            ],
            [
                5.344217465605097,
                0.0,
                5.054001120182359,
                5.054001120182359
            ],
            [
                2.0299053634193824,
                5.054001120182359,
                0.0,
                5.054001120182359
            ],
            [
                3.2605676887457133,
                5.054001120182359,
                5.054001120182359,
                0.0
            ]
        ]
    },
    "simple_grocery": {
	"params": [1, -75.014, 1.7919, 6.4484, -100],
        "locs": [
            [
                0,
                0
            ],
            [
                0,
                2
            ],
            [
                0,
                4
            ]
        ],
        "rss": [
            [
                0.0,
                -87.31818181818181,
                -95.34883720930233
            ],
            [
                -87.31818181818181,
                0.0,
                -87.31818181818181
            ],
            [
                -95.34883720930233,
                -87.31818181818181,
                0.0
            ]
        ],
        "std": [
            [
                0.0,
                7.438961908087207,
                3.1761005851495887
            ],
            [
                7.438961908087207,
                0.0,
                7.438961908087207
            ],
            [
                3.1761005851495887,
                7.438961908087207,
                0.0
            ]
        ]
    },
    "complex_grocery": {
	"params": [1, -63.5664, 2.3022, 2.8101, -100],
        "locs": [
            [
                0.0,
                0.0
            ],
            [
                0.0,
                1.0
            ],
            [
                2.0,
                0.5
            ],
            [
                4.0,
                0.0
            ],
            [
                4.0,
                1.0
            ],
            [
                6.0,
                1.0
            ]
        ],